Parameter Komparasi,ConvNeXt V2-Nano (Utama),MobileNetV4-Conv-Medium,EfficientNetV2-S
Tahun Publikasi,2023,2024,2021
Pustaka Rujukan,Meta AI / UC Berkeley (CVPR 2023),Google Research (ECCV 2024),Google Brain (ICML 2021)
Resolusi Input (H × W),224×224 px,256×256 px,384×384 px
Jumlah Parameter Total,15.6 Juta,9.7 Juta,21.5 Juta
FLOPs (GMACs),2.45 G,2.5 G,8.4 G
Ukuran Bobot FP32,59.5 MB,37.1 MB,82.3 MB
Ukuran Bobot INT8 (Quantized),14.9 MB,9.3 MB,20.6 MB
Latensi CPU Rata-Rata,~28.4 ms,~18.2 ms,~42.1 ms
Throughput (FPS),~35.2 FPS,~54.9 FPS,~23.7 FPS
Top-1 ImageNet-1K (%),81.9%,~80.5%,83.9%
Top-1 Test Accuracy (%),88.4%,86.1%,87.2%
Top-5 Test Accuracy (%),96.8%,95.2%,95.9%
Macro F1-Score (%),87.9%,85.4%,86.7%
Inovasi Kunci,Global Response Normalization (GRN) + FCMAE self-supervised pre-training,Universal Inverted Bottleneck (UIB) + hardware-aware NAS,Fused-MBConv + Progressive Learning + NAS compound scaling
Peran dalam Penelitian,Model Utama (Primary),Model Pembanding Ringan,Model Pembanding Berat
